{
    "ROC_AUC": 0.7641999076917151,
    "PR_AUC": 0.24904230238694272,
    "Balanced_Accuracy": 0.6528833583383922,
    "F1": 0.3111913900805298,
    "Precision": 0.24842585916846913,
    "Recall": 0.4163947633434038,
    "Accuracy": 0.8511890631554644,
    "Best_Threshold": 0.6421819241652458
}